{
	"model": "LGBM",
	"boosting_type": "goss",
    "colsample_bytree": 0.5700000000000001,
    "learning_rate": 0.06706482617060362,
    "max_bin": 195, 
	"max_depth": 61,
    "min_child_weight": 0.2069858644080928,
    "min_split_gain": 2.677055866711955,
    "n_estimators": 126,
    "num_leaves": 29,
    "objective": "tweedie",
    "other_rate": 0.18380533837138358,
    "reg_alpha": 3.5045818789064396,
    "reg_lambda": 3.4307267226113307,
    "subsample_for_bin": 13874,
    "subsample": 0.65,
    "top_rate": 0.24162737458467043,
    "scale": 0,
    "timeoutlierremover_lgb": 4,
    "feature_selector": 1,
    "features": [],
    "enrollmentoutlierremover": "MAD"
}